thread_num,thread_label_id
89396,8
89665,4
89865,4
91240,1
91413,4
92017,8
92135,8
92811,8
92846,4
92878,8
92881,4
93126,1
93649,3
93940,4
94692,8
94842,8
94890,1
95082,1
95709,8
96665,4
96868,8
96977,8
97011,4
97045,1
97117,8
97189,9
97468,1
98055,8
98714,1
98843,8
98886,4
99162,8
99193,4
99587,9
99921,8
100355,4
101298,9
102408,1
103070,4
103114,8
103314,8
104547,8
104763,8
105022,1
105550,8
106608,9
106624,8
106647,4
106934,4
108236,8
108862,8
110262,8
110494,1
110920,8
111041,8
112192,8
112233,4
113334,4
113368,9
113809,8
113813,1
114175,8
114444,2
115529,4
115600,1
115758,8
117173,1
117192,8
117205,4
117245,8
117744,4
118107,8
118116,8
119041,4
119154,8
119565,8
119678,9
120310,1
120520,4
121057,4
122540,4
122827,1
123460,4
123832,4
124225,4
124271,8
124335,4
124340,4
124597,1
124624,8
124713,8
125058,4
125236,8
125287,8
126082,1
126357,4
126856,8
126947,4
127764,1
127940,8
127942,8
128096,8
128261,8
129509,4
130600,1
130610,8
130747,8
131512,9
132415,8
133427,8
133676,9
133728,1
133901,1
134121,8
134140,1
134151,4
134270,8
134482,8
134925,8
135628,4
136304,8
136618,4
136649,1
136990,8
137283,4
137322,1
137539,4
137698,8
137849,4
137990,4
138215,8
138263,8
138309,8
138311,8
138567,8
138613,1
138619,8
138660,8
139118,4
139254,4
139724,8
139933,1
139993,8
140835,4
140896,2
141863,8
142461,1
142803,1
142805,8
144075,8
144554,1
144759,1
145125,8
145144,8
145415,1
145955,4
147264,1
147607,9
147634,1
147956,4
148604,4
148620,1
149476,8
149482,8
149600,8
149601,8
149777,1
149894,8
150126,8
150526,4
150728,4
150876,4
150970,1
151207,4
151847,8
152454,3
152823,8
152897,1
153031,8
153148,8
153153,8
153264,8
153327,4
153468,1
153798,4
153944,8
153956,4
153969,8
154394,8
154698,4
154784,8
155155,4
155426,1
155483,1
155855,4
155932,4
156180,4
156225,8
156239,1
156467,8
156520,4
156696,8
156862,8
156890,4
157243,8
157780,4
158686,4
159133,4
159786,1
159788,8
160549,8
161091,8
161128,4
161267,8
161581,8
162468,9
162606,8
162673,4
163035,8
163303,8
163675,4
163788,1
163840,8
163859,4
164260,2
164885,4
165048,8
167537,4
167866,4
168550,8
170233,2
170311,8
170712,8
171530,1
171844,8
172127,8
